{"train/loss": 18.5125, "train/learning_rate": 1.6666666666666667e-05, "train/epoch": 0.01, "train/global_step": 1, "_timestamp": 1695170886.9981022, "_runtime": 35.036824226379395, "_step": 0, "_wandb": {"runtime": 35}}