{"train/loss": 1.0114, "train/learning_rate": 5.854688907053207e-09, "train/epoch": 10.0, "train/global_step": 6090, "_timestamp": 1701756881.1590672, "_runtime": 13724.676512241364, "_step": 74, "eval/loss": 1.0596835613250732, "eval/runtime": 5.1824, "eval/samples_per_second": 19.103, "eval/steps_per_second": 9.648, "train/train_runtime": 13720.6389, "train/train_samples_per_second": 7.104, "train/train_steps_per_second": 0.444, "train/total_flos": 1.4345922991777382e+18, "train/train_loss": 1.085954866933901, "_wandb": {"runtime": 13718}}