{"train/loss": 0.8381, "train/learning_rate": 6.381910421039328e-07, "train/epoch": 9.92, "train/global_step": 590, "_timestamp": 1697218228.0639062, "_runtime": 1279.274821281433, "_step": 12, "eval/loss": 0.8167651891708374, "eval/runtime": 1.3029, "eval/samples_per_second": 15.35, "eval/steps_per_second": 3.838, "train/train_runtime": 1279.5903, "train/train_samples_per_second": 14.872, "train/train_steps_per_second": 0.461, "train/total_flos": 6.526226403426304e+16, "train/train_loss": 2.183041672787424, "_wandb": {"runtime": 1273}}