{"train/loss": 18.7008, "train/learning_rate": 3.3333333333333335e-05, "train/epoch": 0.01, "train/global_step": 1, "_timestamp": 1695175687.6775112, "_runtime": 57.40347218513489, "_step": 0, "_wandb": {"runtime": 109}}