{"train/loss": 17.6288, "train/learning_rate": 4.357298474945534e-09, "train/epoch": 0.0, "train/global_step": 1, "_timestamp": 1697794517.4776487, "_runtime": 14.741638660430908, "_step": 0}