{"train/loss": 0.369, "train/learning_rate": 2.022465867690282e-08, "train/epoch": 30.0, "train/global_step": 2160, "_timestamp": 1701085398.878734, "_runtime": 4477.853623151779, "_step": 27, "eval/loss": 0.6320744752883911, "eval/runtime": 1.0453, "eval/samples_per_second": 22.959, "eval/steps_per_second": 5.74, "train/train_runtime": 4479.4576, "train/train_samples_per_second": 15.43, "train/train_steps_per_second": 0.482, "train/total_flos": 5.0367532341028454e+17, "train/train_loss": 0.6198613516710423, "_wandb": {"runtime": 4470}}