{"train/loss": 18.9946, "train/learning_rate": 2.0833333333333334e-06, "train/epoch": 0.0, "train/global_step": 1, "_timestamp": 1695170626.78162, "_runtime": 16.200974941253662, "_step": 0, "_wandb": {"runtime": 11}}