{"train/loss": 0.4192, "train/learning_rate": 7.001981464747565e-08, "train/epoch": 4.99, "train/global_step": 1160, "_timestamp": 1702005460.604809, "_runtime": 2720.859143972397, "_step": 15, "eval/loss": 0.432023286819458, "eval/runtime": 2.67, "eval/samples_per_second": 14.232, "eval/steps_per_second": 7.116, "train/train_runtime": 2719.399, "train/train_samples_per_second": 6.838, "train/train_steps_per_second": 0.427, "train/total_flos": 2.1918735897565594e+17, "train/train_loss": 0.8205339596189302, "_wandb": {"runtime": 2715}}