{"train/loss": 0.5023, "train/learning_rate": 2.736014235001194e-08, "train/epoch": 3.0, "train/global_step": 1857, "_timestamp": 1696952275.7793248, "_runtime": 4061.468228816986, "_step": 38, "eval/loss": 0.5867062211036682, "eval/runtime": 5.1519, "eval/samples_per_second": 39.014, "eval/steps_per_second": 9.899, "train/train_runtime": 5609.6445, "train/train_samples_per_second": 10.6, "train/train_steps_per_second": 0.331, "train/total_flos": 1.646923671970775e+17, "train/train_loss": 1.1871192800658457, "_wandb": {"runtime": 4055}}