{"train/loss": 19.2963, "train/learning_rate": 4.166666666666667e-06, "train/epoch": 0.0, "train/global_step": 1, "_timestamp": 1695141655.3510675, "_runtime": 32.35947060585022, "_step": 0, "_wandb": {"runtime": 42}}