{"train/loss": 0.5868, "train/learning_rate": 6.338128550404721e-08, "train/epoch": 28.97, "train/global_step": 630, "_timestamp": 1697977729.5746508, "_runtime": 1419.092132806778, "_step": 11, "eval/loss": 0.6280240416526794, "eval/runtime": 1.01, "eval/samples_per_second": 3.96, "eval/steps_per_second": 1.98, "train/train_runtime": 1419.0358, "train/train_samples_per_second": 7.336, "train/train_steps_per_second": 0.444, "train/total_flos": 8.844946122683187e+16, "train/train_loss": 0.8904537170652359, "_wandb": {"runtime": 1413}}