{"train/loss": 5.9548, "train/learning_rate": 2.1551724137931035e-08, "train/epoch": 0.0, "train/global_step": 1, "_timestamp": 1697073227.9061146, "_runtime": 12.288859605789185, "_step": 0}