{"train/loss": 2.5023, "train/learning_rate": 9.96763978513558e-08, "train/epoch": 0.33, "train/global_step": 200, "_timestamp": 1701742901.9218554, "_runtime": 472.936208486557, "_step": 2, "_wandb": {"runtime": 485}}