{"train/loss": 5.9548, "train/learning_rate": 7.142857142857144e-08, "train/epoch": 0.0, "train/global_step": 1, "_timestamp": 1697077682.4048152, "_runtime": 12.277627229690552, "_step": 0}