{"train/loss": 0.3477, "train/learning_rate": 1.176003795856473e-07, "train/epoch": 1.0, "train/global_step": 2550, "_timestamp": 1696657335.4795058, "_runtime": 7867.794227838516, "_step": 52, "eval/loss": 0.37779244780540466, "eval/runtime": 30.2826, "eval/samples_per_second": 27.243, "eval/steps_per_second": 6.836, "train/train_runtime": 7838.2623, "train/train_samples_per_second": 10.412, "train/train_steps_per_second": 0.325, "train/total_flos": 2.4523862563199386e+17, "train/train_loss": 0.6134255076389686, "_wandb": {"runtime": 7861}}