{"train/loss": 0.9712, "train/learning_rate": 4.654576182215876e-09, "train/epoch": 19.96, "train/global_step": 6080, "_timestamp": 1701412728.164642, "_runtime": 12882.764270067215, "_step": 74, "eval/loss": 1.077614188194275, "eval/runtime": 2.9925, "eval/samples_per_second": 33.083, "eval/steps_per_second": 8.354, "train/train_runtime": 12881.5134, "train/train_samples_per_second": 15.133, "train/train_steps_per_second": 0.472, "train/total_flos": 2.864379577252184e+18, "train/train_loss": 1.059009334327359, "_wandb": {"runtime": 12876}}