{"train/loss": 0.4945, "train/learning_rate": 3.20999354897229e-07, "train/epoch": 29.03, "train/global_step": 450, "_timestamp": 1697968484.390696, "_runtime": 1396.8474750518799, "_step": 8, "eval/loss": 0.4974810779094696, "eval/runtime": 1.1235, "eval/samples_per_second": 2.67, "eval/steps_per_second": 1.78, "train/train_runtime": 1397.0413, "train/train_samples_per_second": 5.326, "train/train_steps_per_second": 0.322, "train/total_flos": 2.450216837971968e+16, "train/train_loss": 0.8795080545213487, "_wandb": {"runtime": 1390}}