{"train/loss": 1.255, "train/learning_rate": 7.227431544266194e-08, "train/epoch": 27.1, "train/global_step": 210, "_timestamp": 1697688139.2849786, "_runtime": 507.6391637325287, "_step": 6, "eval/loss": 0.6474668383598328, "eval/runtime": 1.2811, "eval/samples_per_second": 2.342, "eval/steps_per_second": 0.781, "train/train_runtime": 508.2123, "train/train_samples_per_second": 14.64, "train/train_steps_per_second": 0.413, "train/total_flos": 4.259367749890867e+16, "train/train_loss": 1.7085394473302933, "_wandb": {"runtime": 501}}