{"train/loss": 1.0731, "train/learning_rate": 7.96905606894105e-09, "train/epoch": 5.0, "train/global_step": 3155, "_timestamp": 1698125452.2454264, "_runtime": 6436.338933467865, "_step": 48, "eval/loss": 1.0948684215545654, "eval/runtime": 4.7175, "eval/samples_per_second": 21.622, "eval/steps_per_second": 10.811, "train/train_runtime": 6432.83, "train/train_samples_per_second": 7.846, "train/train_steps_per_second": 0.49, "train/total_flos": 7.331795515715092e+17, "train/train_loss": 1.1372177775423802, "_wandb": {"runtime": 6430}}