{"train/loss": 2.9651, "train/learning_rate": 5.263157894736843e-07, "train/epoch": 0.05, "train/global_step": 1, "_timestamp": 1697976053.6200936, "_runtime": 14.056655645370483, "_step": 0, "_wandb": {"runtime": 147}}