{"train/loss": 7.3797, "train/learning_rate": 4.222364428777786e-06, "train/epoch": 2.97, "train/global_step": 177, "_timestamp": 1697215734.8650446, "_runtime": 409.63841557502747, "_step": 4, "eval/loss": 3.5134997367858887, "eval/runtime": 1.5342, "eval/samples_per_second": 13.036, "eval/steps_per_second": 3.259, "train/train_runtime": 409.7463, "train/train_samples_per_second": 13.933, "train/train_steps_per_second": 0.432, "train/total_flos": 1.957459022525235e+16, "train/train_loss": 5.855630712994074, "_wandb": {"runtime": 403}}