{"train/loss": 5.9548, "train/learning_rate": 2.1551724137931035e-08, "train/epoch": 0.0, "train/global_step": 1, "_timestamp": 1697073492.1073647, "_runtime": 12.00199270248413, "_step": 0}