{"train/loss": 2.2359, "train/learning_rate": 2.7542115403706067e-06, "train/epoch": 29.27, "train/global_step": 150, "_timestamp": 1697611374.497503, "_runtime": 358.77448296546936, "_step": 4, "eval/loss": 2.4293289184570312, "eval/runtime": 0.9219, "eval/samples_per_second": 2.17, "eval/steps_per_second": 1.085, "train/train_runtime": 359.5328, "train/train_samples_per_second": 13.518, "train/train_steps_per_second": 0.417, "train/total_flos": 2.598509349122867e+16, "train/train_loss": 1.9826510938008626, "_wandb": {"runtime": 352}}