{"train/loss": 19.5473, "train/learning_rate": 1.0526315789473685e-06, "train/epoch": 0.0, "train/global_step": 1, "_timestamp": 1695174611.0238416, "_runtime": 15.865058660507202, "_step": 0, "_wandb": {"runtime": 219}}