{"train/loss": 1.1609, "train/learning_rate": 5.727392116178787e-09, "train/epoch": 3.0, "train/global_step": 1827, "_timestamp": 1701687548.9337516, "_runtime": 4112.571670532227, "_step": 23, "eval/loss": 1.1286166906356812, "eval/runtime": 5.171, "eval/samples_per_second": 19.145, "eval/steps_per_second": 9.669, "train/train_runtime": 4108.6106, "train/train_samples_per_second": 7.117, "train/train_steps_per_second": 0.445, "train/total_flos": 4.303955498547282e+17, "train/train_loss": 1.2600896216247925, "_wandb": {"runtime": 4106}}