{"train/loss": 4.145, "train/learning_rate": 1.4285714285714286e-06, "train/epoch": 0.13, "train/global_step": 1, "_timestamp": 1697681717.9307213, "_runtime": 14.658368349075317, "_step": 0}