{"train/loss": 6.7603, "train/learning_rate": 8.771929824561404e-08, "train/epoch": 0.0, "train/global_step": 1, "_timestamp": 1697168985.188641, "_runtime": 12.382183074951172, "_step": 0}