{"train/loss": 0.7421, "train/learning_rate": 5.443386905823045e-07, "train/epoch": 5.0, "train/global_step": 585, "_timestamp": 1701912478.1829073, "_runtime": 1434.674916267395, "_step": 8, "eval/loss": 0.751116931438446, "eval/runtime": 2.0544, "eval/samples_per_second": 9.249, "eval/steps_per_second": 4.868, "train/train_runtime": 1434.0113, "train/train_samples_per_second": 6.527, "train/train_steps_per_second": 0.408, "train/total_flos": 3.325003084018483e+16, "train/train_loss": 1.2813087683457596, "_wandb": {"runtime": 1428}}