{"train/loss": 0.3022, "train/learning_rate": 8.141930307179468e-08, "train/epoch": 4.99, "train/global_step": 1165, "_timestamp": 1701871748.8216472, "_runtime": 3418.903110265732, "_step": 15, "eval/loss": 0.34586694836616516, "eval/runtime": 3.9814, "eval/samples_per_second": 9.544, "eval/steps_per_second": 4.772, "train/train_runtime": 3416.0339, "train/train_samples_per_second": 5.465, "train/train_steps_per_second": 0.341, "train/total_flos": 1.5417330139503e+17, "train/train_loss": 0.6845091381809743, "_wandb": {"runtime": 3412}}