{"train/loss": 1.868, "train/learning_rate": 2.7542115403706067e-06, "train/epoch": 27.27, "train/global_step": 150, "_timestamp": 1697620746.2013428, "_runtime": 370.22987270355225, "_step": 4, "eval/loss": 1.086794376373291, "eval/runtime": 0.8479, "eval/samples_per_second": 2.359, "eval/steps_per_second": 1.179, "train/train_runtime": 372.0471, "train/train_samples_per_second": 14.111, "train/train_steps_per_second": 0.403, "train/total_flos": 2.3719526881296384e+16, "train/train_loss": 1.680949452718099, "_wandb": {"runtime": 364}}