{"train/loss": 0.4973, "train/learning_rate": 3.20999354897229e-07, "train/epoch": 29.03, "train/global_step": 450, "_timestamp": 1697963225.0055614, "_runtime": 1470.2988123893738, "_step": 8, "eval/loss": 0.49271103739738464, "eval/runtime": 1.2838, "eval/samples_per_second": 2.337, "eval/steps_per_second": 1.558, "train/train_runtime": 1470.3512, "train/train_samples_per_second": 5.06, "train/train_steps_per_second": 0.306, "train/total_flos": 2.438000540857139e+16, "train/train_loss": 0.88100235303243, "_wandb": {"runtime": 1464}}