{"train/loss": 6.7603, "train/learning_rate": 8.771929824561404e-08, "train/epoch": 0.0, "train/global_step": 1, "_timestamp": 1697166178.6617126, "_runtime": 12.907718658447266, "_step": 0}