{"train/loss": 0.3815, "train/learning_rate": 8.975480503126132e-10, "train/epoch": 29.8, "train/global_step": 1710, "_timestamp": 1700896213.767953, "_runtime": 3523.4465429782867, "_step": 22, "eval/loss": 0.3980429768562317, "eval/runtime": 1.0028, "eval/samples_per_second": 18.947, "eval/steps_per_second": 4.986, "train/train_runtime": 3524.2562, "train/train_samples_per_second": 15.603, "train/train_steps_per_second": 0.485, "train/total_flos": 4.1801019927035904e+17, "train/train_loss": 0.6398216431601006, "_wandb": {"runtime": 3517}}