{"train/loss": 0.2047, "train/learning_rate": 6.176126300573848e-09, "train/epoch": 9.99, "train/global_step": 6190, "_timestamp": 1696966094.5267053, "_runtime": 13428.662145376205, "_step": 124, "eval/loss": 0.7026532888412476, "eval/runtime": 5.3606, "eval/samples_per_second": 37.496, "eval/steps_per_second": 9.514, "train/train_runtime": 13425.0076, "train/train_samples_per_second": 14.764, "train/train_steps_per_second": 0.461, "train/total_flos": 5.489750870138552e+17, "train/train_loss": 0.6621549923701124, "_wandb": {"runtime": 13422}}