{"train/loss": 0.0383, "train/learning_rate": 4.879791029588355e-12, "train/epoch": 10.0, "train/global_step": 25500, "_timestamp": 1697903024.2484941, "_runtime": 108040.07790017128, "_step": 512, "eval/loss": 0.6080523729324341, "eval/runtime": 43.0202, "eval/samples_per_second": 19.177, "eval/steps_per_second": 4.812, "train/train_runtime": 107999.8406, "train/train_samples_per_second": 7.557, "train/train_steps_per_second": 0.236, "train/total_flos": 2.4242224833484554e+18, "train/train_loss": 0.31143255768570244, "_wandb": {"runtime": 108034}}