{"train/loss": 19.6531, "train/learning_rate": 1.0526315789473685e-06, "train/epoch": 0.0, "train/global_step": 1, "_timestamp": 1695140200.1892786, "_runtime": 29.712806701660156, "_step": 0, "_wandb": {"runtime": 57}}