{"train/loss": 0.2537, "train/learning_rate": 9.042583166369855e-09, "train/epoch": 9.99, "train/global_step": 3770, "_timestamp": 1701852115.350437, "_runtime": 8294.63021183014, "_step": 46, "eval/loss": 0.33957046270370483, "eval/runtime": 3.6689, "eval/samples_per_second": 16.626, "eval/steps_per_second": 8.449, "train/train_runtime": 8292.1271, "train/train_samples_per_second": 7.283, "train/train_steps_per_second": 0.455, "train/total_flos": 4.8517735772061696e+17, "train/train_loss": 0.46178022088675663, "_wandb": {"runtime": 8288}}