{"train/loss": 18.9624, "train/learning_rate": 4.166666666666667e-06, "train/epoch": 0.0, "train/global_step": 1, "_timestamp": 1695174983.1687245, "_runtime": 22.91820764541626, "_step": 0, "_wandb": {"runtime": 192}}