{"train/loss": 0.1499, "train/learning_rate": 2.1407063524436777e-10, "train/epoch": 9.97, "train/global_step": 1400, "_timestamp": 1697289438.8418062, "_runtime": 3175.3706691265106, "_step": 30, "eval/loss": 0.20119689404964447, "eval/runtime": 1.9422, "eval/samples_per_second": 23.684, "eval/steps_per_second": 6.179, "train/train_runtime": 3175.168, "train/train_samples_per_second": 14.138, "train/train_steps_per_second": 0.441, "train/total_flos": 1.4428356317544448e+17, "train/train_loss": 0.9341887222017561, "_wandb": {"runtime": 3169}}