{"train/loss": 0.9335, "train/learning_rate": 1.2473442666066648e-09, "train/epoch": 19.99, "train/global_step": 12180, "_timestamp": 1701508316.577186, "_runtime": 23966.681813001633, "_step": 147, "eval/loss": 1.156848669052124, "eval/runtime": 5.1485, "eval/samples_per_second": 19.229, "eval/steps_per_second": 9.712, "train/train_runtime": 23962.7297, "train/train_samples_per_second": 8.135, "train/train_steps_per_second": 0.508, "train/total_flos": 2.869166377392931e+18, "train/train_loss": 1.0486401606467362, "_wandb": {"runtime": 23960}}