{"train/loss": 0.2537, "train/learning_rate": 9.042583166369855e-09, "train/epoch": 9.99, "train/global_step": 3770, "_timestamp": 1701836407.6867976, "_runtime": 7031.270372629166, "_step": 46, "eval/loss": 0.33957046270370483, "eval/runtime": 3.2248, "eval/samples_per_second": 18.916, "eval/steps_per_second": 9.613, "train/train_runtime": 7029.7185, "train/train_samples_per_second": 8.591, "train/train_steps_per_second": 0.536, "train/total_flos": 4.8517735772061696e+17, "train/train_loss": 0.46178022088675663, "_wandb": {"runtime": 7024}}