{"train/loss": 18.9946, "train/learning_rate": 2.0833333333333334e-06, "train/epoch": 0.0, "train/global_step": 1, "_timestamp": 1695174446.139401, "_runtime": 20.83414602279663, "_step": 0, "_wandb": {"runtime": 16}}