{"train/loss": 5.5905, "train/learning_rate": 5e-06, "train/epoch": 9.76, "train/global_step": 50, "_timestamp": 1697610777.9651647, "_runtime": 131.99138975143433, "_step": 2, "train/train_runtime": 132.4777, "train/train_samples_per_second": 12.228, "train/train_steps_per_second": 0.377, "train/total_flos": 8668371616792576.0, "train/train_loss": 3.138083744049072, "eval/loss": 3.2047579288482666, "eval/runtime": 1.1466, "eval/samples_per_second": 1.744, "eval/steps_per_second": 0.872, "_wandb": {"runtime": 126}}