{"train/loss": 18.7008, "train/learning_rate": 3.3333333333333335e-05, "train/epoch": 0.01, "train/global_step": 1, "_timestamp": 1695176871.1331124, "_runtime": 61.83694338798523, "_step": 0}