{"train/loss": 0.3886, "train/learning_rate": 5.3254067119788425e-08, "train/epoch": 4.99, "train/global_step": 1885, "_timestamp": 1701866425.7299914, "_runtime": 5151.18345451355, "_step": 23, "eval/loss": 0.4145607650279999, "eval/runtime": 4.516, "eval/samples_per_second": 13.508, "eval/steps_per_second": 6.865, "train/train_runtime": 5147.4679, "train/train_samples_per_second": 5.866, "train/train_steps_per_second": 0.366, "train/total_flos": 2.4263257124503552e+17, "train/train_loss": 0.6586447819474521, "_wandb": {"runtime": 5145}}