{"train/loss": 2.0777, "train/learning_rate": 4.6392112209969205e-06, "train/epoch": 30.0, "train/global_step": 180, "_timestamp": 1697623685.6272566, "_runtime": 420.59950852394104, "_step": 4, "eval/loss": 1.6936532258987427, "eval/runtime": 0.782, "eval/samples_per_second": 2.557, "eval/steps_per_second": 1.279, "train/train_runtime": 421.5611, "train/train_samples_per_second": 13.45, "train/train_steps_per_second": 0.427, "train/total_flos": 3.3673077099331584e+16, "train/train_loss": 1.7262482696109347, "_wandb": {"runtime": 414}}