{"train/loss": 18.6954, "train/learning_rate": 1.6666666666666667e-05, "train/epoch": 0.01, "train/global_step": 1, "_timestamp": 1695175348.1554606, "_runtime": 51.93622970581055, "_step": 0, "_wandb": {"runtime": 189}}