{"train/loss": 0.5243, "train/learning_rate": 7.905216541183868e-07, "train/epoch": 1.0, "train/global_step": 1583, "_timestamp": 1695182208.7865646, "_runtime": 5049.749066591263, "_step": 32, "eval/loss": 0.5222639441490173, "eval/runtime": 16.182, "eval/samples_per_second": 31.64, "eval/steps_per_second": 7.91, "train/train_runtime": 5035.0082, "train/train_samples_per_second": 10.063, "train/train_steps_per_second": 0.314, "train/total_flos": 1.5523799834506035e+17, "train/train_loss": 0.8292850728134377, "_wandb": {"runtime": 5043}}