{"train/loss": 0.2601, "train/learning_rate": 9.662949322991611e-10, "train/epoch": 5.0, "train/global_step": 9555, "_timestamp": 1701972168.0302489, "_runtime": 24147.29356098175, "_step": 116, "eval/loss": 0.23736944794654846, "eval/runtime": 16.9014, "eval/samples_per_second": 18.282, "eval/steps_per_second": 9.171, "train/train_runtime": 24131.6064, "train/train_samples_per_second": 6.336, "train/train_steps_per_second": 0.396, "train/total_flos": 6.770933315110175e+17, "train/train_loss": 0.39943191906596154, "_wandb": {"runtime": 24141}}