{"train/loss": 0.3947, "train/learning_rate": 7.001981464747565e-08, "train/epoch": 4.99, "train/global_step": 1160, "_timestamp": 1702036791.686344, "_runtime": 3439.528872013092, "_step": 15, "eval/loss": 0.4213002324104309, "eval/runtime": 4.1617, "eval/samples_per_second": 9.131, "eval/steps_per_second": 4.565, "train/train_runtime": 3436.5259, "train/train_samples_per_second": 5.411, "train/train_steps_per_second": 0.338, "train/total_flos": 2.2000937221278925e+17, "train/train_loss": 0.8118383052020237, "_wandb": {"runtime": 3433}}