{"train/loss": 6.7603, "train/learning_rate": 8.771929824561404e-08, "train/epoch": 0.0, "train/global_step": 1, "_timestamp": 1697174979.5486426, "_runtime": 12.03491759300232, "_step": 0}