{"train/loss": 1.1296, "train/learning_rate": 5.72868495315293e-09, "train/epoch": 5.0, "train/global_step": 3045, "_timestamp": 1701608803.2653892, "_runtime": 6788.3385372161865, "_step": 38, "eval/loss": 1.1028356552124023, "eval/runtime": 5.0393, "eval/samples_per_second": 19.646, "eval/steps_per_second": 9.922, "train/train_runtime": 6784.5055, "train/train_samples_per_second": 7.183, "train/train_steps_per_second": 0.449, "train/total_flos": 7.173185809112105e+17, "train/train_loss": 1.208025509187545, "_wandb": {"runtime": 6782}}